<?xml version="1.0" encoding="UTF-8" standalone="yes"?>
<addon id="plugin.video.sportsaccess" name="SportsAccess" version="1.1.3" provider-name="SportsAccess">
    <requires>
        <import addon="xbmc.python" version="2.1.0"/>
		<import addon="script.module.t0mm0.common" version="1.1.0"/>     
		<import addon="script.common.plugin.cache" version="0.9.1"/>		
    </requires>
    <extension point="xbmc.python.pluginsource" library="default.py">
        <provides>video</provides>
    </extension>
    <extension point="xbmc.addon.metadata">
    <summary lang="en">SportsAccess Sports</summary>
    <description lang="en">Get all your Live sports here</description>
    <platform>all</platform>
  </extension>
</addon>
